{
  "accuracy": [
    0.4069199860095978,
    0.5242000222206116,
    0.5835800170898438,
    0.6209200024604797,
    0.6579599976539612,
    0.677299976348877,
    0.6981599926948547,
    0.7103400230407715,
    0.7277600169181824,
    0.7388399839401245,
    0.749180018901825,
    0.7601400017738342,
    0.7706000208854675,
    0.7775200009346008,
    0.78302001953125,
    0.7896000146865845,
    0.797540009021759,
    0.8004800081253052,
    0.807420015335083,
    0.814079999923706,
    0.8159199953079224,
    0.8209400177001953,
    0.8245400190353394,
    0.8287000060081482,
    0.8339800238609314,
    0.8374599814414978,
    0.8393399715423584,
    0.8439000248908997,
    0.8460000157356262,
    0.8510199785232544,
    0.8533200025558472,
    0.8574000000953674,
    0.8570799827575684,
    0.8608199954032898,
    0.8614400029182434,
    0.8646199703216553,
    0.8672599792480469,
    0.8708000183105469,
    0.872439980506897,
    0.8760799765586853,
    0.8797600269317627,
    0.8794000148773193,
    0.8795199990272522,
    0.8787199854850769,
    0.8842999935150146,
    0.8848599791526794,
    0.8867400288581848,
    0.8898199796676636,
    0.8922399878501892,
    0.8935400247573853,
    0.8942400217056274,
    0.8980000019073486,
    0.8992599844932556,
    0.9003599882125854,
    0.9003000259399414,
    0.9017599821090698,
    0.9048799872398376,
    0.9071400165557861,
    0.9073600172996521,
    0.9076399803161621,
    0.909600019454956,
    0.9097800254821777,
    0.913919985294342,
    0.9145600199699402,
    0.9155799746513367,
    0.9136599898338318,
    0.919160008430481,
    0.9188799858093262,
    0.9189599752426147,
    0.9199399948120117
  ],
  "loss": [
    1.639013648033142,
    1.3307111263275146,
    1.1706238985061646,
    1.0701769590377808,
    0.9806807637214661,
    0.9223119616508484,
    0.8701695203781128,
    0.832041323184967,
    0.7833154201507568,
    0.7577098608016968,
    0.7255233526229858,
    0.6982329487800598,
    0.6699678897857666,
    0.6497964262962341,
    0.6285252571105957,
    0.607765257358551,
    0.5872441530227661,
    0.5810959935188293,
    0.5609633922576904,
    0.5386121273040771,
    0.5311895608901978,
    0.5175167322158813,
    0.5096893310546875,
    0.4954412579536438,
    0.48267921805381775,
    0.4706742465496063,
    0.464021772146225,
    0.45202651619911194,
    0.44407618045806885,
    0.4343283176422119,
    0.4277323782444,
    0.4143170416355133,
    0.41106295585632324,
    0.4041259288787842,
    0.39988410472869873,
    0.39257073402404785,
    0.3822095990180969,
    0.37500840425491333,
    0.3674335479736328,
    0.36186909675598145,
    0.3524226248264313,
    0.3469046950340271,
    0.3436901569366455,
    0.34777528047561646,
    0.3343254029750824,
    0.3322705030441284,
    0.32730355858802795,
    0.31606853008270264,
    0.31048494577407837,
    0.30745065212249756,
    0.30253881216049194,
    0.2973184585571289,
    0.2888917028903961,
    0.28828349709510803,
    0.2847896218299866,
    0.2818799912929535,
    0.272421270608902,
    0.2732916474342346,
    0.2675321102142334,
    0.26416516304016113,
    0.260374516248703,
    0.255098432302475,
    0.2522602379322052,
    0.2459307461977005,
    0.24602606892585754,
    0.24372215569019318,
    0.23595750331878662,
    0.23234665393829346,
    0.23433201014995575,
    0.2295263409614563
  ],
  "val_accuracy": [
    0.48010000586509705,
    0.5587999820709229,
    0.6086000204086304,
    0.6455000042915344,
    0.6671000123023987,
    0.6819000244140625,
    0.7034000158309937,
    0.6980999708175659,
    0.713100016117096,
    0.7301999926567078,
    0.7483999729156494,
    0.7436000108718872,
    0.7666000127792358,
    0.7408000230789185,
    0.7746999859809875,
    0.7739999890327454,
    0.7804999947547913,
    0.7822999954223633,
    0.791700005531311,
    0.7961999773979187,
    0.7930999994277954,
    0.8014000058174133,
    0.8050000071525574,
    0.8076000213623047,
    0.8122000098228455,
    0.8118000030517578,
    0.819599986076355,
    0.8133000135421753,
    0.8217999935150146,
    0.8215000033378601,
    0.817799985408783,
    0.8205999732017517,
    0.8292999863624573,
    0.8317000269889832,
    0.8353000283241272,
    0.8356000185012817,
    0.8388000130653381,
    0.8305000066757202,
    0.8360000252723694,
    0.8356999754905701,
    0.8366000056266785,
    0.8409000039100647,
    0.8409000039100647,
    0.8485999703407288,
    0.8446000218391418,
    0.8440999984741211,
    0.8467000126838684,
    0.847599983215332,
    0.848800003528595,
    0.8497999906539917,
    0.8511999845504761,
    0.8546000123023987,
    0.8518000245094299,
    0.8535000085830688,
    0.8525999784469604,
    0.8564000129699707,
    0.8500999808311462,
    0.8582000136375427,
    0.8572999835014343,
    0.8590999841690063,
    0.8597999811172485,
    0.8597999811172485,
    0.8610000014305115,
    0.8654000163078308,
    0.8622000217437744,
    0.8652999997138977,
    0.8639000058174133,
    0.8651999831199646,
    0.8634999990463257,
    0.8675000071525574
  ],
  "val_loss": [
    1.4362552165985107,
    1.2403374910354614,
    1.1016029119491577,
    1.0230629444122314,
    0.9511587619781494,
    0.8984565138816833,
    0.8480633497238159,
    0.8673685789108276,
    0.8223131895065308,
    0.7727013230323792,
    0.7293695211410522,
    0.7408221364021301,
    0.6771202087402344,
    0.7432334423065186,
    0.6556230187416077,
    0.6533399820327759,
    0.6351319551467896,
    0.6320984959602356,
    0.618695855140686,
    0.5971816182136536,
    0.6139382123947144,
    0.5692338347434998,
    0.567691445350647,
    0.5619143843650818,
    0.5479393601417542,
    0.5550901293754578,
    0.5281714797019958,
    0.5570281147956848,
    0.5293480157852173,
    0.5170010328292847,
    0.5342699289321899,
    0.523491382598877,
    0.5124555826187134,
    0.5087495446205139,
    0.4907572269439697,
    0.4912855327129364,
    0.4914940297603607,
    0.4897502362728119,
    0.48244336247444153,
    0.4792463779449463,
    0.4850580096244812,
    0.46620306372642517,
    0.4738505482673645,
    0.45978936553001404,
    0.46511396765708923,
    0.46660640835762024,
    0.44899076223373413,
    0.4551507830619812,
    0.45594915747642517,
    0.4533312916755676,
    0.4488155245780945,
    0.4340073764324188,
    0.43860694766044617,
    0.4417590796947479,
    0.44576507806777954,
    0.4298078715801239,
    0.4409550726413727,
    0.4290623664855957,
    0.43249115347862244,
    0.4207743704319,
    0.42003360390663147,
    0.4202854633331299,
    0.4216519594192505,
    0.41377630829811096,
    0.4201233983039856,
    0.41365116834640503,
    0.41458871960639954,
    0.40011340379714966,
    0.4140284061431885,
    0.4131622910499573
  ]
}