{
  "accuracy": [
    0.3824000060558319,
    0.49522000551223755,
    0.545520007610321,
    0.5820599794387817,
    0.6074600219726562,
    0.6339799761772156,
    0.6490200161933899,
    0.664359986782074,
    0.6826000213623047,
    0.6917399764060974,
    0.7025600075721741,
    0.7138800024986267,
    0.7203599810600281,
    0.7296599745750427,
    0.7365800142288208,
    0.7483400106430054,
    0.747979998588562,
    0.7537800073623657,
    0.7592999935150146,
    0.7680000066757202,
    0.7702400088310242,
    0.778219997882843,
    0.7821400165557861,
    0.784500002861023,
    0.7874600291252136,
    0.7893999814987183,
    0.7968199849128723,
    0.7968000173568726,
    0.8032400012016296,
    0.8053799867630005,
    0.8070799708366394,
    0.8119400143623352,
    0.8134999871253967,
    0.813759982585907,
    0.8192800283432007,
    0.821120023727417,
    0.8254600167274475,
    0.8262799978256226,
    0.8277199864387512,
    0.8314399719238281,
    0.8342999815940857,
    0.8360199928283691,
    0.8367599844932556,
    0.8407999873161316,
    0.8392800092697144,
    0.8424800038337708,
    0.8443400263786316,
    0.845740020275116,
    0.8501799702644348,
    0.8506399989128113,
    0.8497999906539917,
    0.853380024433136,
    0.8520799875259399,
    0.8553400039672852,
    0.854960024356842,
    0.859220027923584,
    0.8618599772453308,
    0.8590599894523621,
    0.8623600006103516,
    0.8634999990463257,
    0.8654199838638306,
    0.8668000102043152,
    0.8654199838638306,
    0.8703200221061707,
    0.870140016078949,
    0.8732200264930725,
    0.8709200024604797,
    0.8702999949455261,
    0.8707799911499023,
    0.8751000165939331
  ],
  "loss": [
    1.682827353477478,
    1.4095089435577393,
    1.2732875347137451,
    1.1799025535583496,
    1.1074734926223755,
    1.0473127365112305,
    0.9998994469642639,
    0.9569970369338989,
    0.9128720164299011,
    0.8856434226036072,
    0.8551881909370422,
    0.8260921239852905,
    0.8030149936676025,
    0.7783109545707703,
    0.7609989047050476,
    0.7338537573814392,
    0.7283818125724792,
    0.7073897123336792,
    0.6957911849021912,
    0.6746565103530884,
    0.6633328199386597,
    0.6493541598320007,
    0.6351393461227417,
    0.6238887310028076,
    0.6142498254776001,
    0.6065607666969299,
    0.5884934067726135,
    0.586175799369812,
    0.5748933553695679,
    0.5662795901298523,
    0.5572810769081116,
    0.5460248589515686,
    0.5435057282447815,
    0.5362441539764404,
    0.5215917229652405,
    0.5175233483314514,
    0.5142539739608765,
    0.5015897154808044,
    0.4947356581687927,
    0.49233850836753845,
    0.4824329614639282,
    0.47691187262535095,
    0.4737101197242737,
    0.4606456756591797,
    0.4654731750488281,
    0.45519062876701355,
    0.45574215054512024,
    0.4485167860984802,
    0.441936731338501,
    0.4367656111717224,
    0.43250852823257446,
    0.4273338317871094,
    0.4254642128944397,
    0.4198026657104492,
    0.41925257444381714,
    0.40918979048728943,
    0.40208739042282104,
    0.40496551990509033,
    0.3993045687675476,
    0.39845696091651917,
    0.38771840929985046,
    0.3887239992618561,
    0.38702189922332764,
    0.3791387379169464,
    0.3770127296447754,
    0.37241989374160767,
    0.37225210666656494,
    0.36856257915496826,
    0.370449036359787,
    0.36165645718574524
  ],
  "val_accuracy": [
    0.4512999951839447,
    0.5329999923706055,
    0.5637999773025513,
    0.6026999950408936,
    0.621999979019165,
    0.63919997215271,
    0.656499981880188,
    0.656499981880188,
    0.6718999743461609,
    0.7020000219345093,
    0.7028999924659729,
    0.698199987411499,
    0.7124000191688538,
    0.7185999751091003,
    0.7332000136375427,
    0.7350000143051147,
    0.7397000193595886,
    0.732200026512146,
    0.7465000152587891,
    0.751800000667572,
    0.754800021648407,
    0.7659000158309937,
    0.7649999856948853,
    0.7735000252723694,
    0.7735999822616577,
    0.7756999731063843,
    0.7767999768257141,
    0.775600016117096,
    0.784500002861023,
    0.7821999788284302,
    0.7879999876022339,
    0.7929999828338623,
    0.7833999991416931,
    0.7924000024795532,
    0.791100025177002,
    0.7912999987602234,
    0.7997999787330627,
    0.8011999726295471,
    0.8059999942779541,
    0.7958999872207642,
    0.8029000163078308,
    0.8015000224113464,
    0.8036999702453613,
    0.8091999888420105,
    0.8029999732971191,
    0.8094000220298767,
    0.8174999952316284,
    0.8065000176429749,
    0.817799985408783,
    0.8148999810218811,
    0.8199999928474426,
    0.8176000118255615,
    0.8198000192642212,
    0.8263000249862671,
    0.8251000046730042,
    0.8192999958992004,
    0.8259999752044678,
    0.8288000226020813,
    0.8284000158309937,
    0.8238000273704529,
    0.8291000127792358,
    0.8209999799728394,
    0.8263999819755554,
    0.8237000107765198,
    0.8299999833106995,
    0.8281999826431274,
    0.8299000263214111,
    0.8281000256538391,
    0.8349999785423279,
    0.8299000263214111
  ],
  "val_loss": [
    1.503496527671814,
    1.3046940565109253,
    1.2111103534698486,
    1.1216180324554443,
    1.0644949674606323,
    1.0294878482818604,
    0.9804386496543884,
    0.9771342873573303,
    0.9355617165565491,
    0.8616122007369995,
    0.8557347655296326,
    0.8598949909210205,
    0.8215977549552917,
    0.7874695062637329,
    0.7683281302452087,
    0.7655262351036072,
    0.7518844604492188,
    0.7766836285591125,
    0.7445485591888428,
    0.7187991738319397,
    0.7149864435195923,
    0.6856282353401184,
    0.6910434365272522,
    0.650768518447876,
    0.6632687449455261,
    0.6562792062759399,
    0.6556344032287598,
    0.6485700011253357,
    0.6333884000778198,
    0.6403913497924805,
    0.6191657781600952,
    0.6101762056350708,
    0.6326930522918701,
    0.6067969799041748,
    0.6103505492210388,
    0.6036802530288696,
    0.5884348154067993,
    0.5780877470970154,
    0.5857816338539124,
    0.5917590856552124,
    0.572767436504364,
    0.5836701393127441,
    0.5734140872955322,
    0.5622429251670837,
    0.5784600377082825,
    0.5533738136291504,
    0.5366474986076355,
    0.5618934631347656,
    0.5416569113731384,
    0.5484174489974976,
    0.5340008735656738,
    0.5486027598381042,
    0.5336751937866211,
    0.5235859155654907,
    0.5231530070304871,
    0.5330833792686462,
    0.5217128992080688,
    0.5160953402519226,
    0.5149179697036743,
    0.5255377292633057,
    0.5164010524749756,
    0.5118061304092407,
    0.5127960443496704,
    0.5127167105674744,
    0.5010563731193542,
    0.5119534134864807,
    0.5045785307884216,
    0.505461573600769,
    0.4987783133983612,
    0.5021697878837585
  ]
}