{
  "accuracy": [
    0.345660001039505,
    0.4696600139141083,
    0.5331199765205383,
    0.5772600173950195,
    0.6093199849128723,
    0.6420000195503235,
    0.6622999906539917,
    0.684939980506897,
    0.698419988155365,
    0.7190399765968323,
    0.7284799814224243,
    0.7430599927902222,
    0.7508400082588196,
    0.7589399814605713,
    0.7649999856948853,
    0.7753400206565857,
    0.7803199887275696,
    0.7860199809074402,
    0.7937800288200378,
    0.8009200096130371,
    0.8048200011253357,
    0.8128200173377991,
    0.8128399848937988,
    0.8199800252914429,
    0.8222600221633911,
    0.8255800008773804,
    0.8302000164985657,
    0.8354600071907043,
    0.8413199782371521,
    0.8402600288391113,
    0.8446999788284302,
    0.8497800230979919,
    0.852840006351471,
    0.8531200289726257,
    0.8550400137901306,
    0.8608199954032898,
    0.863860011100769,
    0.8651999831199646,
    0.8670600056648254,
    0.8725600242614746,
    0.8725200295448303,
    0.8758999705314636,
    0.8780400156974792,
    0.8806399703025818,
    0.884440004825592,
    0.884440004825592,
    0.8846200108528137,
    0.8880000114440918,
    0.8902000188827515,
    0.8895000219345093,
    0.8958399891853333,
    0.8962600231170654,
    0.8971199989318848,
    0.9005200266838074,
    0.9020199775695801,
    0.9038000106811523,
    0.9066200256347656,
    0.9066600203514099,
    0.9114999771118164,
    0.909820020198822,
    0.9147400259971619,
    0.9142799973487854,
    0.9150800108909607,
    0.9183400273323059,
    0.918940007686615,
    0.9180999994277954,
    0.9222000241279602,
    0.9224399924278259,
    0.9238399863243103,
    0.9265599846839905
  ],
  "loss": [
    1.833664059638977,
    1.4618438482284546,
    1.3050007820129395,
    1.1899017095565796,
    1.1088486909866333,
    1.0228846073150635,
    0.9659863114356995,
    0.9091917872428894,
    0.8718754649162292,
    0.8202322721481323,
    0.7885263562202454,
    0.7469494342803955,
    0.7263807058334351,
    0.7004791498184204,
    0.6817454695701599,
    0.6543172597885132,
    0.6445128321647644,
    0.6257543563842773,
    0.602838933467865,
    0.5800897479057312,
    0.567797839641571,
    0.5462008714675903,
    0.5448508858680725,
    0.522122323513031,
    0.5164257287979126,
    0.5075178742408752,
    0.48984968662261963,
    0.4791352450847626,
    0.4644332826137543,
    0.46392399072647095,
    0.4472588002681732,
    0.4366075098514557,
    0.42759671807289124,
    0.4257015585899353,
    0.4206620752811432,
    0.4025328457355499,
    0.39433836936950684,
    0.39095157384872437,
    0.38387465476989746,
    0.3684816062450409,
    0.3716108500957489,
    0.36053067445755005,
    0.3586626946926117,
    0.3445208966732025,
    0.3363181948661804,
    0.33564528822898865,
    0.33095666766166687,
    0.3179034888744354,
    0.3183748722076416,
    0.31475892663002014,
    0.3021092414855957,
    0.29967761039733887,
    0.29450297355651855,
    0.287591814994812,
    0.28256872296333313,
    0.27901723980903625,
    0.27183637022972107,
    0.2676181495189667,
    0.2556478977203369,
    0.2599186897277832,
    0.2456863671541214,
    0.24424710869789124,
    0.24702763557434082,
    0.23412631452083588,
    0.23293668031692505,
    0.23404289782047272,
    0.2263537496328354,
    0.22351528704166412,
    0.21960920095443726,
    0.21286641061306
  ],
  "val_accuracy": [
    0.4334000051021576,
    0.49880000948905945,
    0.5666000247001648,
    0.5913000106811523,
    0.6169999837875366,
    0.6449999809265137,
    0.6650000214576721,
    0.6676999926567078,
    0.6966000199317932,
    0.7099999785423279,
    0.7181000113487244,
    0.7315999865531921,
    0.7350999712944031,
    0.7354999780654907,
    0.7240999937057495,
    0.738099992275238,
    0.7577999830245972,
    0.7712000012397766,
    0.7706000208854675,
    0.7595999836921692,
    0.7718999981880188,
    0.8026000261306763,
    0.7839999794960022,
    0.789900004863739,
    0.8019000291824341,
    0.8205000162124634,
    0.8029000163078308,
    0.7991999983787537,
    0.8043000102043152,
    0.8223999738693237,
    0.8270000219345093,
    0.8271999955177307,
    0.8230999708175659,
    0.8299999833106995,
    0.8282999992370605,
    0.8334000110626221,
    0.8241999745368958,
    0.8282999992370605,
    0.8324999809265137,
    0.8367000222206116,
    0.8378999829292297,
    0.8410999774932861,
    0.8378999829292297,
    0.8414000272750854,
    0.8416000008583069,
    0.8529999852180481,
    0.8503999710083008,
    0.8529999852180481,
    0.8457000255584717,
    0.850600004196167,
    0.8568000197410583,
    0.8495000004768372,
    0.8508999943733215,
    0.8536999821662903,
    0.8532000184059143,
    0.8532000184059143,
    0.8587999939918518,
    0.8582000136375427,
    0.8598999977111816,
    0.8629999756813049,
    0.8601999878883362,
    0.8611000180244446,
    0.864799976348877,
    0.8671000003814697,
    0.8651999831199646,
    0.8659999966621399,
    0.8679999709129333,
    0.8712999820709229,
    0.8679999709129333,
    0.8715000152587891
  ],
  "val_loss": [
    1.5630749464035034,
    1.3846032619476318,
    1.2263271808624268,
    1.1462664604187012,
    1.1062580347061157,
    1.0205832719802856,
    0.9648631811141968,
    0.9528215527534485,
    0.8733263611793518,
    0.835602343082428,
    0.8240036964416504,
    0.7916144132614136,
    0.774498462677002,
    0.764231264591217,
    0.8255125880241394,
    0.7760685682296753,
    0.7072787284851074,
    0.6671967506408691,
    0.6577619910240173,
    0.712137758731842,
    0.6615360975265503,
    0.6031606197357178,
    0.6300454139709473,
    0.6136816143989563,
    0.5818148255348206,
    0.5299975872039795,
    0.5747668743133545,
    0.600299060344696,
    0.5710064172744751,
    0.5116786956787109,
    0.5191689729690552,
    0.5098292827606201,
    0.5164511203765869,
    0.5012469291687012,
    0.5003767013549805,
    0.49384403228759766,
    0.5256342887878418,
    0.5060095191001892,
    0.48812705278396606,
    0.4919828474521637,
    0.47665825486183167,
    0.47958827018737793,
    0.4820302724838257,
    0.47510582208633423,
    0.4646979570388794,
    0.45042484998703003,
    0.4480529725551605,
    0.4465702176094055,
    0.46159854531288147,
    0.44451114535331726,
    0.440614253282547,
    0.44769057631492615,
    0.45150327682495117,
    0.45052334666252136,
    0.44471821188926697,
    0.4540873169898987,
    0.4265834093093872,
    0.43919607996940613,
    0.43801215291023254,
    0.4086536765098572,
    0.43718189001083374,
    0.41996660828590393,
    0.41781356930732727,
    0.40829628705978394,
    0.42314907908439636,
    0.4203358292579651,
    0.4090402126312256,
    0.40602847933769226,
    0.400698184967041,
    0.4091843366622925
  ]
}