{
  "accuracy": [
    0.3885200023651123,
    0.5160800218582153,
    0.579200029373169,
    0.6238399744033813,
    0.6548799872398376,
    0.6834200024604797,
    0.7003800272941589,
    0.7168400287628174,
    0.7298600077629089,
    0.7450199723243713,
    0.7564200162887573,
    0.7624199986457825,
    0.773419976234436,
    0.7807000279426575,
    0.7911999821662903,
    0.7986000180244446,
    0.8047800064086914,
    0.8101999759674072,
    0.8118399977684021,
    0.8177400231361389,
    0.8240799903869629,
    0.8285199999809265,
    0.8305799961090088,
    0.8327000141143799,
    0.8404200077056885,
    0.8410199880599976,
    0.8452399969100952,
    0.8507199883460999,
    0.8523799777030945,
    0.8570799827575684,
    0.8582800030708313,
    0.8597000241279602,
    0.8643199801445007,
    0.8689600229263306,
    0.8710399866104126,
    0.8734999895095825,
    0.8726599812507629,
    0.8745200037956238,
    0.8784400224685669,
    0.8826599717140198,
    0.8820000290870667,
    0.8857200145721436,
    0.8860200047492981,
    0.8891000151634216,
    0.8901200294494629,
    0.893779993057251,
    0.8950600028038025,
    0.8944399952888489,
    0.8992800116539001,
    0.9007999897003174,
    0.9028000235557556,
    0.9032800197601318,
    0.9065600037574768,
    0.9078999757766724,
    0.9092000126838684,
    0.9096999764442444,
    0.9132800102233887,
    0.9125199913978577,
    0.9161400198936462,
    0.9164800047874451,
    0.9182599782943726,
    0.9189599752426147,
    0.9220399856567383,
    0.9249799847602844,
    0.9219800233840942,
    0.9254599809646606,
    0.9251400232315063,
    0.9264600276947021,
    0.929099977016449,
    0.9276800155639648
  ],
  "loss": [
    1.6828798055648804,
    1.3510245084762573,
    1.1903144121170044,
    1.0705240964889526,
    0.9818307161331177,
    0.9149817228317261,
    0.8619768619537354,
    0.814155638217926,
    0.7803787589073181,
    0.7371540665626526,
    0.7050750851631165,
    0.6827749013900757,
    0.6576558351516724,
    0.6301693916320801,
    0.6070768237113953,
    0.5878376364707947,
    0.5701149106025696,
    0.5545681118965149,
    0.544994592666626,
    0.5280015468597412,
    0.5116080045700073,
    0.49850746989250183,
    0.49227777123451233,
    0.4815788269042969,
    0.46225425601005554,
    0.45789653062820435,
    0.4474799633026123,
    0.4388810992240906,
    0.4282046854496002,
    0.4159740209579468,
    0.4089193642139435,
    0.4008195996284485,
    0.39627277851104736,
    0.3844527304172516,
    0.37703949213027954,
    0.36880651116371155,
    0.3656604588031769,
    0.36354613304138184,
    0.35202765464782715,
    0.34047871828079224,
    0.33760496973991394,
    0.3322288393974304,
    0.3265701234340668,
    0.32148802280426025,
    0.3133346736431122,
    0.3076910674571991,
    0.3039517402648926,
    0.3007303774356842,
    0.291635662317276,
    0.2862887978553772,
    0.2781718373298645,
    0.2755233943462372,
    0.2686563730239868,
    0.26612579822540283,
    0.2617073059082031,
    0.26192328333854675,
    0.25073495507240295,
    0.25073784589767456,
    0.24663101136684418,
    0.23921766877174377,
    0.2368122637271881,
    0.23002755641937256,
    0.22507315874099731,
    0.2196822613477707,
    0.2229122668504715,
    0.21882228553295135,
    0.2145473062992096,
    0.2113034576177597,
    0.20633143186569214,
    0.20938630402088165
  ],
  "val_accuracy": [
    0.43479999899864197,
    0.5478000044822693,
    0.5659000277519226,
    0.6358000040054321,
    0.678600013256073,
    0.6793000102043152,
    0.7013000249862671,
    0.7081000208854675,
    0.733299970626831,
    0.7390000224113464,
    0.7559000253677368,
    0.7480999827384949,
    0.7666000127792358,
    0.7727000117301941,
    0.7829999923706055,
    0.7843999862670898,
    0.786300003528595,
    0.7997000217437744,
    0.7875999808311462,
    0.8051000237464905,
    0.798799991607666,
    0.8097000122070312,
    0.8015000224113464,
    0.8091999888420105,
    0.8091999888420105,
    0.8202000260353088,
    0.8220000267028809,
    0.8288999795913696,
    0.8241999745368958,
    0.8259000182151794,
    0.8260999917984009,
    0.8361999988555908,
    0.8353999853134155,
    0.8307999968528748,
    0.8349999785423279,
    0.8341000080108643,
    0.8349999785423279,
    0.8319000005722046,
    0.8447999954223633,
    0.84579998254776,
    0.8432999849319458,
    0.8478999733924866,
    0.8513000011444092,
    0.8521999716758728,
    0.847599983215332,
    0.852400004863739,
    0.8495000004768372,
    0.8526999950408936,
    0.853600025177002,
    0.8596000075340271,
    0.8578000068664551,
    0.8582000136375427,
    0.8616999983787537,
    0.8634999990463257,
    0.8633999824523926,
    0.8600000143051147,
    0.8621000051498413,
    0.8640999794006348,
    0.8651999831199646,
    0.866599977016449,
    0.8661999702453613,
    0.8680999875068665,
    0.8695999979972839,
    0.8695999979972839,
    0.8683000206947327,
    0.8698999881744385,
    0.8708999752998352,
    0.8702999949455261,
    0.8697999715805054,
    0.8679999709129333
  ],
  "val_loss": [
    1.5794535875320435,
    1.2966954708099365,
    1.247875690460205,
    1.0587377548217773,
    0.9068930745124817,
    0.9197493195533752,
    0.8497747182846069,
    0.8478319048881531,
    0.762198805809021,
    0.7580278515815735,
    0.7227780818939209,
    0.7357790470123291,
    0.6850168704986572,
    0.665383517742157,
    0.6222032904624939,
    0.6375836133956909,
    0.6335093379020691,
    0.590390145778656,
    0.6158841252326965,
    0.5759174227714539,
    0.5849518775939941,
    0.575059175491333,
    0.5824428796768188,
    0.5571076273918152,
    0.5570576190948486,
    0.5289650559425354,
    0.5367616415023804,
    0.5099688172340393,
    0.5183852314949036,
    0.5093855857849121,
    0.511202871799469,
    0.4902106821537018,
    0.49171504378318787,
    0.5007274746894836,
    0.4877374470233917,
    0.4938826560974121,
    0.4859675168991089,
    0.49500933289527893,
    0.46087685227394104,
    0.46038818359375,
    0.45580145716667175,
    0.45626163482666016,
    0.44621336460113525,
    0.4607124626636505,
    0.45695874094963074,
    0.44472992420196533,
    0.45738187432289124,
    0.4444373548030853,
    0.4447731077671051,
    0.4309348165988922,
    0.425810843706131,
    0.42855918407440186,
    0.419804185628891,
    0.42452138662338257,
    0.414247065782547,
    0.42714864015579224,
    0.42263877391815186,
    0.41780683398246765,
    0.4135977625846863,
    0.4127400517463684,
    0.41265854239463806,
    0.4084668457508087,
    0.4041384160518646,
    0.40257230401039124,
    0.40669554471969604,
    0.39420589804649353,
    0.4000205099582672,
    0.4035004675388336,
    0.40246453881263733,
    0.40713661909103394
  ]
}