{"loss": [1.651085615158081, 1.1905696392059326, 0.9906131029129028, 0.8819143176078796], "accuracy": [0.4522800147533417, 0.5913000106811523, 0.6568400263786316, 0.6929600238800049], "val_loss": [1.5904450416564941, 1.0726267099380493, 0.8327411413192749, 0.8238880038261414], "val_accuracy": [0.47380000352859497, 0.628000020980835, 0.7031000256538391, 0.718500018119812]}