{
  "accuracy": [
    0.3677600026130676,
    0.4646399915218353,
    0.5123800039291382,
    0.5467000007629395,
    0.5716599822044373,
    0.5887399911880493,
    0.6081600189208984,
    0.6246200203895569,
    0.6399800181388855,
    0.6505200266838074,
    0.6598799824714661,
    0.6667199730873108,
    0.6761000156402588,
    0.6837000250816345,
    0.6923800110816956,
    0.6998599767684937,
    0.7030400037765503,
    0.7122600078582764,
    0.7181599736213684,
    0.721019983291626,
    0.7291200160980225,
    0.7339800000190735,
    0.7384600043296814,
    0.7414399981498718,
    0.7454800009727478,
    0.7483199834823608,
    0.7544999718666077,
    0.7558000087738037,
    0.7611200213432312,
    0.7611600160598755,
    0.7661600112915039,
    0.7693799734115601,
    0.7728800177574158,
    0.7744600176811218,
    0.7784600257873535,
    0.7784600257873535,
    0.7819799780845642,
    0.7851399779319763,
    0.7888200283050537,
    0.7894999980926514,
    0.791920006275177,
    0.7924799919128418,
    0.7953600287437439,
    0.7990800142288208,
    0.7997000217437744,
    0.7972400188446045,
    0.8051199913024902,
    0.8053600192070007,
    0.805620014667511,
    0.8068400025367737,
    0.8091199994087219,
    0.8129400014877319,
    0.8117200136184692,
    0.8130599856376648,
    0.8176199793815613,
    0.8201599717140198,
    0.8176000118255615,
    0.8197199702262878,
    0.8185799717903137,
    0.8205999732017517,
    0.8235599994659424,
    0.8238599896430969,
    0.8266000151634216,
    0.8270599842071533,
    0.8278800249099731,
    0.8278800249099731,
    0.8296999931335449,
    0.8293799757957458,
    0.8297399878501892,
    0.8286399841308594
  ],
  "loss": [
    1.7257182598114014,
    1.4836759567260742,
    1.363168478012085,
    1.2785940170288086,
    1.2100551128387451,
    1.1588841676712036,
    1.1109448671340942,
    1.0715391635894775,
    1.0328302383422852,
    0.9993120431900024,
    0.9750195145606995,
    0.9503609538078308,
    0.9259017109870911,
    0.901210606098175,
    0.8821707963943481,
    0.8621011972427368,
    0.8466744422912598,
    0.8295339345932007,
    0.8100135326385498,
    0.7982827425003052,
    0.7833593487739563,
    0.7665576338768005,
    0.754834771156311,
    0.7429533004760742,
    0.7317050695419312,
    0.7250098586082458,
    0.7106959223747253,
    0.7028428316116333,
    0.6887381076812744,
    0.6911344528198242,
    0.6755409240722656,
    0.6678279638290405,
    0.6580379009246826,
    0.6517559289932251,
    0.6403049826622009,
    0.6386030316352844,
    0.6327705383300781,
    0.6198170781135559,
    0.6132422089576721,
    0.6127945184707642,
    0.6060739159584045,
    0.6010730862617493,
    0.5921655297279358,
    0.5845612287521362,
    0.5799307823181152,
    0.5782408714294434,
    0.5663981437683105,
    0.5661644339561462,
    0.5629008412361145,
    0.5550245046615601,
    0.5531932711601257,
    0.5455938577651978,
    0.5449889302253723,
    0.5413501262664795,
    0.5332196354866028,
    0.5282509922981262,
    0.5280089974403381,
    0.5244839191436768,
    0.5217731595039368,
    0.5182188749313354,
    0.5120370984077454,
    0.5081858038902283,
    0.5059952139854431,
    0.5035790801048279,
    0.5027475357055664,
    0.5012485384941101,
    0.49725067615509033,
    0.49618518352508545,
    0.4936152696609497,
    0.49289801716804504
  ],
  "val_accuracy": [
    0.45100000500679016,
    0.5087000131607056,
    0.5390999913215637,
    0.5680000185966492,
    0.5834000110626221,
    0.5956000089645386,
    0.6191999912261963,
    0.6240000128746033,
    0.6416000127792358,
    0.6492999792098999,
    0.6725000143051147,
    0.67330002784729,
    0.6854000091552734,
    0.6845999956130981,
    0.6894999742507935,
    0.6969000101089478,
    0.7006999850273132,
    0.7117000222206116,
    0.7143999934196472,
    0.7159000039100647,
    0.7207000255584717,
    0.7215999960899353,
    0.7289000153541565,
    0.7358999848365784,
    0.7329999804496765,
    0.7365999817848206,
    0.7486000061035156,
    0.7488999962806702,
    0.746999979019165,
    0.7563999891281128,
    0.7484999895095825,
    0.7534000277519226,
    0.7508999705314636,
    0.7648000121116638,
    0.7598999738693237,
    0.7612000107765198,
    0.7631999850273132,
    0.7644000053405762,
    0.7746000289916992,
    0.7685999870300293,
    0.7760999798774719,
    0.7749999761581421,
    0.7735000252723694,
    0.777400016784668,
    0.7821000218391418,
    0.7764000296592712,
    0.7820000052452087,
    0.7868000268936157,
    0.77920001745224,
    0.7915999889373779,
    0.7851999998092651,
    0.7876999974250793,
    0.7886000275611877,
    0.79339998960495,
    0.7908999919891357,
    0.7904999852180481,
    0.7896000146865845,
    0.7925999760627747,
    0.796999990940094,
    0.7936999797821045,
    0.7936000227928162,
    0.7950999736785889,
    0.7955999970436096,
    0.8008999824523926,
    0.796999990940094,
    0.7998999953269958,
    0.8008000254631042,
    0.7982000112533569,
    0.7979999780654907,
    0.7996000051498413
  ],
  "val_loss": [
    1.5341365337371826,
    1.3695186376571655,
    1.2930232286453247,
    1.20980966091156,
    1.1693332195281982,
    1.1265761852264404,
    1.0764169692993164,
    1.0592211484909058,
    1.0114895105361938,
    0.9924539923667908,
    0.9414950013160706,
    0.9338353276252747,
    0.9047592878341675,
    0.9053946137428284,
    0.8797509670257568,
    0.8800956010818481,
    0.8723502159118652,
    0.8313822150230408,
    0.8191765546798706,
    0.8192158937454224,
    0.8052916526794434,
    0.7995968461036682,
    0.7881329655647278,
    0.7743632793426514,
    0.7700884342193604,
    0.7559988498687744,
    0.7277427911758423,
    0.738838255405426,
    0.7233940958976746,
    0.7055196762084961,
    0.7184659838676453,
    0.7073635458946228,
    0.7141585350036621,
    0.6959166526794434,
    0.6997206211090088,
    0.687760055065155,
    0.6942853927612305,
    0.6808795928955078,
    0.6656748652458191,
    0.6720779538154602,
    0.6611554026603699,
    0.656520426273346,
    0.6600812077522278,
    0.6571071147918701,
    0.6361514925956726,
    0.6487420201301575,
    0.6440930366516113,
    0.6249880194664001,
    0.638905942440033,
    0.5995405316352844,
    0.621887743473053,
    0.6246110796928406,
    0.6229298114776611,
    0.6062130331993103,
    0.6115608215332031,
    0.6139380931854248,
    0.6172119975090027,
    0.6025041341781616,
    0.5911068320274353,
    0.6102001070976257,
    0.6046251058578491,
    0.5972772836685181,
    0.5942061543464661,
    0.5999338030815125,
    0.5937254428863525,
    0.5913134813308716,
    0.5881106853485107,
    0.5853849053382874,
    0.5903275012969971,
    0.5821753144264221
  ]
}